{"cameraMode":{"drawMode":0,"name":"Shaded","section":"Shading Mode"},"sceneLighting":true,"audioPlay":false,"sceneViewState":{"m_AlwaysRefresh":false,"showFog":true,"showSkybox":true,"showFlares":true,"showImageEffects":true,"showParticleSystems":true,"showVisualEffectGraphs":true,"m_FxEnabled":true},"in2DMode":false,"pivot":{"x":-10.840469360351563,"y":-94.39186096191406,"z":124.53788757324219},"rotation":{"x":0.32269543409347536,"y":-0.03615516424179077,"z":0.013766195625066758,"w":0.9459408521652222},"size":81.39410400390625,"orthographic":false}